{"root_pose": [0.21438992023468018, 0.25556686520576477, -1.2294594049453735], "hand_pose": [-0.045804817229509354, 0.03411715105175972, 0.18495777249336243, -0.0401935949921608, -0.01091207005083561, -0.14009295403957367, 0.035774219781160355, 0.018764285370707512, -0.27396896481513977, 0.057001933455467224, -0.0472550094127655, 0.1680605709552765, -0.061634570360183716, -0.06746412813663483, -0.27074071764945984, -0.047852665185928345, -0.005002072546631098, -0.18335111439228058, 0.40190914273262024, -0.04996032267808914, 0.41161632537841797, -0.3593793511390686, -0.09182621538639069, -0.13615672290325165, 0.014581158757209778, -0.12085976451635361, -0.3261905908584595, 0.12868379056453705, -0.021497152745723724, 0.3243783414363861, -0.04785004258155823, -0.032758474349975586, -0.22037896513938904, -0.03562244772911072, -0.017441079020500183, -0.16407734155654907, -0.11773835867643356, -0.1274789422750473, -0.015654850751161575, 0.12837272882461548, 0.16650399565696716, -0.030794793739914894, 0.11052010208368301, 0.3518323600292206, -0.18586112558841705], "shape": [0.05456532537937164, -0.18107293546199799, -0.04839276522397995, -0.06200345978140831, 0.12133866548538208, 0.005973753519356251, -0.01545315608382225, 0.06624328345060349, -0.028905672952532768, 0.030045803636312485], "root_trans": [0.08667588979005814, -0.0017695247661322355, -0.004356224089860916]}