{"root_pose": [-0.9420186877250671, 2.280108690261841, 1.3759570121765137], "hand_pose": [-0.7866668105125427, 0.7907481789588928, -0.33787086606025696, -0.2858333885669708, 2.9498355388641357, -0.5943402051925659, 1.248242735862732, 1.8772039413452148, 1.9129090309143066, 1.5044671297073364, 0.8719159960746765, 1.090272068977356, -1.3391920328140259, 2.228039026260376, 1.4215348958969116, 1.0288727283477783, -0.041849955916404724, 3.015977621078491, 0.6755177974700928, 2.2736082077026367, 1.8071110248565674, 0.7900304198265076, -0.13995154201984406, -0.17396798729896545, -0.5627093315124512, 2.699382781982422, 0.5899971723556519, -1.5857056379318237, 2.851259469985962, -0.5203278660774231, -1.7988739013671875, -0.19243018329143524, 2.251514434814453, -0.6205012798309326, -0.057747382670640945, 1.3389869928359985, 0.3334098160266876, 1.7340065240859985, 0.9405739903450012, 2.098114490509033, -0.24440370500087738, -0.6567143201828003, 2.545366048812866, -0.5812073945999146, 0.2837802469730377], "shape": [-0.01790875941514969, 0.01764165796339512, -0.019077252596616745, 0.0011208578944206238, 0.004503348842263222, 0.005955580621957779, -0.0075239501893520355, -0.0017741285264492035, -0.014611353166401386, -0.017319153994321823], "root_trans": [0, 0, 0]}