{"root_pose": [0.6610361337661743, 4.093926429748535, -0.8859277963638306], "hand_pose": [0.01146937720477581, -0.16306738555431366, -0.15363256633281708, -0.004288084805011749, -0.02061518281698227, -0.053690917789936066, 0.017925318330526352, 0.03294047340750694, -0.041857048869132996, -0.19391262531280518, -0.09392094612121582, 0.32659927010536194, 0.10458426177501678, -0.04552404209971428, -0.15193937718868256, 0.044819220900535583, 0.032468944787979126, -0.1094081923365593, -0.5782510638237, -0.03928416222333908, 0.46920815110206604, 0.680968165397644, -0.10192504525184631, -0.07175738364458084, -0.2992200255393982, -0.16213224828243256, -0.26142358779907227, -0.1282331347465515, 0.02648649923503399, 0.5326395034790039, 0.0363217256963253, -0.02829473838210106, -0.49926817417144775, -0.01907893642783165, -0.06281264871358871, -0.06333758682012558, 0.30999210476875305, -0.05691230669617653, 0.01335308700799942, -0.21983714401721954, 0.40826326608657837, 0.09139760583639145, 0.08141832798719406, 0.02802201174199581, -0.30778685212135315], "shape": [0.09612526744604111, -0.06205768510699272, -0.35477790236473083, 0.005764579866081476, 0.04822125285863876, -0.04890836402773857, -0.1598566174507141, -0.04969577491283417, 0.030043691396713257, -0.005652518942952156], "root_trans": [0, 0, 0]}